{
  "project_info": {
    "project_number": "1005509847396",
    "firebase_url": "https://battleofminds.firebaseio.com",
    "project_id": "battleofminds",
    "storage_bucket": "battleofminds.appspot.com"
  },
  "client": [
    {
      "client_info": {
        "mobilesdk_app_id": "1:1005509847396:android:fbcbb30189cf0a2a",
        "android_client_info": {
          "package_name": "com.bonusgaming.battleofmindskotlin"
        }
      },
      "oauth_client": [
        {
          "client_id": "1005509847396-au5n1q9eu7uiauafceq302cu5un8tais.apps.googleusercontent.com",
          "client_type": 3
        }
      ],
      "api_key": [
        {
          "current_key": "AIzaSyB9v8nFz4Qj4DBv9kd4fd0q90ZsDnQcYg0"
        }
      ],
      "services": {
        "appinvite_service": {
          "other_platform_oauth_client": [
            {
              "client_id": "1005509847396-au5n1q9eu7uiauafceq302cu5un8tais.apps.googleusercontent.com",
              "client_type": 3
            }
          ]
        }
      }
    }
  ],
  "configuration_version": "1"
}